"Jday","CLAR","CROG","DUAN","ELDR","HFAL","NBRA","NHUD","OLDF","OSCE","PISE","RAQU","SARA","SUFF","TANN","TUPP","WFMB","WGAT"
1,21.633,21.564,21.564,21.681,21.616,21.673,21.462,21.563,21.626,21.548,21.535,21.418,21.65,21.595,21.499,21.45,21.587
2,21.647,21.579,21.579,21.695,21.631,21.688,21.477,21.578,21.641,21.563,21.55,21.433,21.665,21.61,21.514,21.465,21.602
3,21.662,21.595,21.594,21.71,21.646,21.703,21.493,21.594,21.657,21.578,21.566,21.449,21.679,21.625,21.53,21.481,21.618
4,21.678,21.611,21.61,21.726,21.661,21.718,21.509,21.61,21.673,21.594,21.582,21.466,21.695,21.641,21.546,21.497,21.634
5,21.694,21.628,21.626,21.741,21.677,21.734,21.526,21.626,21.689,21.611,21.598,21.483,21.71,21.656,21.562,21.514,21.65
6,21.71,21.645,21.642,21.757,21.693,21.75,21.543,21.643,21.706,21.627,21.615,21.5,21.726,21.673,21.58,21.531,21.667
7,21.727,21.662,21.659,21.774,21.71,21.767,21.56,21.661,21.723,21.645,21.632,21.518,21.742,21.689,21.597,21.549,21.684
8,21.744,21.68,21.677,21.791,21.727,21.783,21.578,21.678,21.741,21.662,21.65,21.536,21.759,21.706,21.615,21.567,21.702
9,21.761,21.698,21.694,21.808,21.744,21.801,21.596,21.696,21.759,21.68,21.668,21.554,21.776,21.724,21.633,21.585,21.72
10,21.778,21.717,21.712,21.825,21.762,21.818,21.615,21.715,21.777,21.699,21.687,21.573,21.793,21.742,21.652,21.604,21.738
11,21.796,21.736,21.731,21.843,21.779,21.836,21.634,21.734,21.796,21.717,21.706,21.593,21.811,21.76,21.671,21.623,21.757
12,21.815,21.755,21.749,21.861,21.798,21.854,21.653,21.753,21.815,21.736,21.725,21.612,21.829,21.778,21.691,21.642,21.776
13,21.833,21.775,21.768,21.879,21.816,21.873,21.673,21.772,21.834,21.756,21.744,21.632,21.847,21.797,21.71,21.662,21.796
14,21.852,21.795,21.788,21.898,21.835,21.892,21.693,21.792,21.854,21.775,21.764,21.653,21.865,21.816,21.73,21.682,21.815
15,21.871,21.815,21.807,21.917,21.854,21.911,21.713,21.812,21.874,21.795,21.784,21.673,21.884,21.835,21.751,21.703,21.835
16,21.891,21.835,21.827,21.936,21.873,21.93,21.734,21.833,21.894,21.815,21.805,21.694,21.903,21.854,21.771,21.724,21.855
17,21.91,21.856,21.847,21.955,21.893,21.949,21.754,21.853,21.915,21.836,21.825,21.715,21.922,21.874,21.792,21.745,21.876
18,21.93,21.877,21.867,21.975,21.912,21.969,21.775,21.874,21.935,21.856,21.846,21.737,21.941,21.894,21.813,21.766,21.897
19,21.95,21.898,21.888,21.995,21.932,21.989,21.797,21.895,21.956,21.877,21.867,21.759,21.961,21.914,21.835,21.787,21.918
20,21.97,21.92,21.908,22.015,21.952,22.009,21.818,21.916,21.977,21.898,21.889,21.78,21.98,21.934,21.856,21.809,21.939
21,21.99,21.941,21.929,22.035,21.972,22.029,21.84,21.938,21.999,21.92,21.91,21.803,22,21.955,21.878,21.831,21.96
22,22.011,21.963,21.95,22.055,21.993,22.05,21.861,21.959,22.02,21.941,21.932,21.825,22.02,21.975,21.9,21.853,21.982
23,22.032,21.985,21.971,22.075,22.013,22.07,21.883,21.981,22.042,21.963,21.954,21.847,22.04,21.996,21.922,21.875,22.003
24,22.052,22.007,21.993,22.096,22.034,22.091,21.906,22.003,22.063,21.985,21.976,21.87,22.061,22.017,21.945,21.898,22.025
25,22.073,22.029,22.014,22.116,22.055,22.112,21.928,22.025,22.085,22.006,21.998,21.893,22.081,22.038,21.967,21.92,22.047
26,22.094,22.052,22.036,22.137,22.076,22.133,21.95,22.048,22.107,22.028,22.02,21.916,22.101,22.059,21.99,21.943,22.069
27,22.115,22.074,22.057,22.158,22.097,22.154,21.973,22.07,22.13,22.051,22.043,21.939,22.122,22.08,22.012,21.966,22.091
28,22.137,22.097,22.079,22.179,22.118,22.175,21.995,22.092,22.152,22.073,22.065,21.962,22.143,22.102,22.035,21.989,22.113
29,22.158,22.12,22.101,22.2,22.139,22.196,22.018,22.115,22.174,22.095,22.088,21.985,22.163,22.123,22.058,22.012,22.136
30,22.179,22.142,22.123,22.221,22.16,22.217,22.041,22.137,22.197,22.117,22.11,22.009,22.184,22.144,22.081,22.035,22.158
31,22.2,22.165,22.145,22.242,22.181,22.238,22.064,22.16,22.219,22.14,22.133,22.032,22.205,22.166,22.104,22.058,22.181
32,22.222,22.188,22.167,22.263,22.202,22.26,22.087,22.183,22.241,22.162,22.156,22.055,22.225,22.187,22.127,22.081,22.203
33,22.243,22.211,22.189,22.284,22.224,22.281,22.11,22.205,22.264,22.185,22.179,22.079,22.246,22.209,22.15,22.104,22.226
34,22.265,22.234,22.211,22.305,22.245,22.302,22.133,22.228,22.287,22.207,22.201,22.102,22.267,22.231,22.173,22.128,22.248
35,22.286,22.257,22.233,22.326,22.266,22.323,22.156,22.251,22.309,22.23,22.224,22.126,22.288,22.252,22.196,22.151,22.271
36,22.307,22.28,22.255,22.347,22.288,22.345,22.179,22.274,22.332,22.253,22.247,22.15,22.309,22.274,22.22,22.174,22.294
37,22.329,22.303,22.277,22.368,22.309,22.366,22.202,22.297,22.354,22.275,22.27,22.173,22.329,22.295,22.243,22.198,22.316
38,22.35,22.326,22.299,22.389,22.33,22.387,22.225,22.319,22.377,22.298,22.293,22.197,22.35,22.317,22.266,22.221,22.339
39,22.372,22.349,22.321,22.41,22.351,22.409,22.248,22.342,22.399,22.32,22.316,22.22,22.371,22.338,22.289,22.244,22.361
40,22.393,22.372,22.343,22.431,22.372,22.43,22.27,22.365,22.422,22.343,22.338,22.244,22.392,22.36,22.312,22.267,22.384
41,22.414,22.394,22.365,22.452,22.394,22.451,22.293,22.387,22.444,22.365,22.361,22.267,22.412,22.381,22.335,22.291,22.406
42,22.435,22.417,22.387,22.473,22.415,22.472,22.316,22.41,22.467,22.388,22.384,22.291,22.433,22.403,22.358,22.314,22.429
43,22.457,22.44,22.409,22.494,22.436,22.493,22.339,22.433,22.489,22.41,22.407,22.314,22.453,22.424,22.381,22.337,22.451
44,22.478,22.463,22.43,22.515,22.457,22.514,22.362,22.455,22.512,22.432,22.429,22.337,22.474,22.445,22.404,22.36,22.474
45,22.499,22.485,22.452,22.535,22.478,22.535,22.385,22.478,22.534,22.454,22.452,22.361,22.494,22.466,22.427,22.383,22.496
46,22.52,22.508,22.474,22.556,22.499,22.556,22.407,22.5,22.556,22.477,22.474,22.384,22.515,22.488,22.45,22.406,22.518
47,22.541,22.531,22.495,22.577,22.519,22.577,22.43,22.522,22.578,22.499,22.497,22.407,22.535,22.509,22.473,22.429,22.54
48,22.562,22.553,22.517,22.597,22.54,22.597,22.452,22.545,22.6,22.521,22.519,22.43,22.555,22.53,22.495,22.452,22.563
49,22.582,22.576,22.538,22.618,22.561,22.618,22.475,22.567,22.622,22.543,22.541,22.453,22.575,22.551,22.518,22.475,22.585
50,22.603,22.598,22.56,22.638,22.581,22.639,22.497,22.589,22.644,22.565,22.563,22.476,22.595,22.571,22.54,22.497,22.607
51,22.624,22.62,22.581,22.658,22.602,22.659,22.519,22.611,22.666,22.586,22.586,22.499,22.615,22.592,22.563,22.52,22.628
52,22.644,22.642,22.602,22.678,22.622,22.679,22.542,22.633,22.688,22.608,22.608,22.522,22.635,22.613,22.585,22.542,22.65
53,22.664,22.664,22.623,22.698,22.642,22.7,22.564,22.655,22.71,22.63,22.63,22.545,22.654,22.633,22.608,22.565,22.672
54,22.685,22.686,22.644,22.718,22.662,22.72,22.586,22.677,22.731,22.651,22.651,22.567,22.674,22.654,22.63,22.587,22.693
55,22.705,22.708,22.665,22.738,22.682,22.74,22.608,22.698,22.753,22.673,22.673,22.59,22.694,22.674,22.652,22.609,22.715
56,22.725,22.73,22.686,22.758,22.702,22.76,22.629,22.72,22.774,22.694,22.695,22.612,22.713,22.694,22.674,22.632,22.736
57,22.745,22.752,22.706,22.778,22.722,22.78,22.651,22.741,22.795,22.715,22.716,22.635,22.732,22.715,22.696,22.654,22.758
58,22.765,22.773,22.727,22.797,22.742,22.8,22.673,22.763,22.816,22.737,22.738,22.657,22.752,22.735,22.718,22.676,22.779
59,22.785,22.795,22.747,22.817,22.762,22.819,22.694,22.784,22.838,22.758,22.759,22.679,22.771,22.755,22.739,22.697,22.8
60,22.805,22.816,22.768,22.836,22.781,22.839,22.716,22.805,22.859,22.779,22.78,22.701,22.79,22.774,22.761,22.719,22.821
61,22.824,22.837,22.788,22.855,22.801,22.859,22.737,22.826,22.879,22.799,22.802,22.723,22.809,22.794,22.782,22.741,22.842
62,22.844,22.859,22.808,22.874,22.82,22.878,22.758,22.848,22.9,22.82,22.823,22.745,22.828,22.814,22.804,22.763,22.863
63,22.863,22.88,22.829,22.893,22.839,22.897,22.78,22.868,22.921,22.841,22.844,22.767,22.846,22.834,22.825,22.784,22.884
64,22.882,22.901,22.849,22.912,22.859,22.916,22.801,22.889,22.942,22.862,22.865,22.788,22.865,22.853,22.847,22.805,22.904
65,22.902,22.922,22.869,22.931,22.878,22.936,22.822,22.91,22.962,22.882,22.885,22.81,22.884,22.872,22.868,22.827,22.925
66,22.921,22.943,22.888,22.95,22.897,22.955,22.843,22.931,22.983,22.903,22.906,22.832,22.902,22.892,22.889,22.848,22.945
67,22.94,22.964,22.908,22.969,22.916,22.974,22.863,22.951,23.003,22.923,22.927,22.853,22.921,22.911,22.91,22.869,22.966
68,22.959,22.984,22.928,22.988,22.935,22.993,22.884,22.972,23.023,22.943,22.947,22.874,22.939,22.93,22.931,22.89,22.986
69,22.978,23.005,22.947,23.006,22.953,23.011,22.905,22.992,23.043,22.963,22.968,22.896,22.957,22.949,22.952,22.911,23.006
70,22.997,23.025,22.967,23.025,22.972,23.03,22.925,23.013,23.064,22.983,22.988,22.917,22.975,22.968,22.972,22.932,23.026
71,23.016,23.046,22.986,23.043,22.991,23.049,22.946,23.033,23.084,23.003,23.009,22.938,22.993,22.987,22.993,22.953,23.047
72,23.034,23.066,23.006,23.061,23.009,23.067,22.966,23.053,23.104,23.023,23.029,22.959,23.011,23.006,23.014,22.974,23.067
73,23.053,23.087,23.025,23.08,23.028,23.086,22.987,23.073,23.124,23.043,23.049,22.98,23.029,23.025,23.034,22.995,23.086
74,23.071,23.107,23.044,23.098,23.046,23.104,23.007,23.093,23.143,23.063,23.069,23.001,23.047,23.044,23.055,23.015,23.106
75,23.09,23.127,23.064,23.116,23.064,23.123,23.027,23.113,23.163,23.083,23.089,23.022,23.065,23.062,23.075,23.036,23.126
76,23.108,23.147,23.083,23.134,23.083,23.141,23.047,23.133,23.183,23.103,23.109,23.043,23.083,23.081,23.095,23.056,23.146
77,23.127,23.167,23.102,23.152,23.101,23.159,23.067,23.153,23.203,23.122,23.129,23.063,23.1,23.099,23.116,23.077,23.166
78,23.145,23.187,23.121,23.17,23.119,23.177,23.088,23.173,23.222,23.142,23.149,23.084,23.118,23.118,23.136,23.097,23.185
79,23.163,23.207,23.14,23.188,23.137,23.196,23.108,23.193,23.242,23.161,23.169,23.105,23.136,23.136,23.156,23.118,23.205
80,23.182,23.227,23.159,23.206,23.155,23.214,23.128,23.212,23.261,23.181,23.189,23.125,23.153,23.155,23.176,23.138,23.224
81,23.2,23.247,23.178,23.224,23.174,23.232,23.148,23.232,23.281,23.2,23.209,23.146,23.171,23.173,23.197,23.158,23.244
82,23.218,23.267,23.197,23.242,23.192,23.25,23.167,23.252,23.3,23.22,23.228,23.166,23.188,23.192,23.217,23.178,23.264
83,23.236,23.287,23.215,23.259,23.21,23.268,23.187,23.271,23.32,23.239,23.248,23.187,23.206,23.21,23.237,23.199,23.283
84,23.254,23.307,23.234,23.277,23.228,23.286,23.207,23.291,23.339,23.259,23.268,23.207,23.223,23.228,23.257,23.219,23.302
85,23.273,23.327,23.253,23.295,23.246,23.304,23.227,23.311,23.359,23.278,23.288,23.228,23.241,23.246,23.277,23.239,23.322
86,23.291,23.346,23.272,23.313,23.263,23.322,23.247,23.33,23.378,23.297,23.307,23.248,23.258,23.265,23.297,23.259,23.341
87,23.309,23.366,23.291,23.33,23.281,23.34,23.267,23.35,23.397,23.317,23.327,23.269,23.275,23.283,23.317,23.279,23.361
88,23.327,23.386,23.309,23.348,23.299,23.358,23.286,23.369,23.417,23.336,23.346,23.289,23.293,23.301,23.337,23.299,23.38
89,23.345,23.406,23.328,23.366,23.317,23.376,23.306,23.389,23.436,23.355,23.366,23.31,23.31,23.319,23.357,23.32,23.399
90,23.363,23.425,23.347,23.383,23.335,23.394,23.326,23.408,23.455,23.375,23.386,23.33,23.327,23.337,23.377,23.34,23.419
91,23.381,23.445,23.366,23.401,23.353,23.411,23.346,23.428,23.475,23.394,23.405,23.35,23.345,23.356,23.397,23.36,23.438
92,23.399,23.465,23.384,23.419,23.371,23.429,23.366,23.448,23.494,23.413,23.425,23.371,23.362,23.374,23.417,23.38,23.457
93,23.417,23.485,23.403,23.436,23.389,23.447,23.385,23.467,23.513,23.432,23.444,23.391,23.379,23.392,23.437,23.4,23.477
94,23.435,23.504,23.422,23.454,23.407,23.465,23.405,23.487,23.533,23.452,23.464,23.412,23.397,23.41,23.457,23.42,23.496
95,23.453,23.524,23.44,23.472,23.425,23.483,23.425,23.506,23.552,23.471,23.484,23.432,23.414,23.429,23.477,23.44,23.516
96,23.471,23.544,23.459,23.49,23.442,23.501,23.445,23.526,23.571,23.49,23.503,23.452,23.432,23.447,23.497,23.46,23.535
97,23.489,23.564,23.478,23.507,23.46,23.519,23.465,23.545,23.591,23.51,23.523,23.473,23.449,23.465,23.517,23.481,23.554
98,23.507,23.583,23.497,23.525,23.478,23.537,23.484,23.565,23.61,23.529,23.543,23.493,23.466,23.483,23.537,23.501,23.574
99,23.525,23.603,23.516,23.543,23.496,23.555,23.504,23.585,23.629,23.548,23.562,23.514,23.484,23.502,23.557,23.521,23.593
100,23.544,23.623,23.534,23.561,23.514,23.573,23.524,23.604,23.649,23.568,23.582,23.534,23.501,23.52,23.577,23.541,23.613
101,23.562,23.643,23.553,23.578,23.532,23.591,23.544,23.624,23.668,23.587,23.602,23.555,23.519,23.538,23.597,23.561,23.632
102,23.58,23.663,23.572,23.596,23.55,23.609,23.564,23.644,23.688,23.607,23.622,23.575,23.536,23.557,23.617,23.582,23.652
103,23.598,23.683,23.591,23.614,23.569,23.627,23.584,23.663,23.707,23.626,23.641,23.596,23.554,23.575,23.637,23.602,23.671
104,23.616,23.703,23.61,23.632,23.587,23.645,23.604,23.683,23.727,23.646,23.661,23.616,23.571,23.593,23.657,23.622,23.691
105,23.635,23.723,23.629,23.65,23.605,23.664,23.624,23.703,23.746,23.665,23.681,23.637,23.589,23.612,23.677,23.642,23.71
106,23.653,23.743,23.648,23.668,23.623,23.682,23.644,23.722,23.766,23.685,23.701,23.658,23.607,23.63,23.697,23.663,23.73
107,23.671,23.763,23.667,23.686,23.641,23.7,23.664,23.742,23.785,23.704,23.721,23.678,23.624,23.649,23.718,23.683,23.749
108,23.69,23.783,23.686,23.704,23.659,23.718,23.684,23.762,23.805,23.724,23.741,23.699,23.642,23.667,23.738,23.703,23.769
109,23.708,23.803,23.705,23.722,23.677,23.736,23.704,23.782,23.825,23.743,23.76,23.72,23.66,23.686,23.758,23.724,23.789
110,23.726,23.823,23.724,23.74,23.696,23.755,23.724,23.802,23.844,23.763,23.78,23.74,23.677,23.704,23.778,23.744,23.808
111,23.745,23.843,23.743,23.758,23.714,23.773,23.744,23.822,23.864,23.783,23.8,23.761,23.695,23.723,23.799,23.765,23.828
112,23.763,23.863,23.762,23.776,23.732,23.791,23.764,23.841,23.884,23.802,23.82,23.782,23.713,23.741,23.819,23.785,23.848
113,23.782,23.883,23.781,23.794,23.751,23.81,23.784,23.861,23.903,23.822,23.84,23.802,23.731,23.76,23.839,23.806,23.867
114,23.8,23.903,23.8,23.812,23.769,23.828,23.804,23.881,23.923,23.842,23.86,23.823,23.748,23.779,23.86,23.826,23.887
115,23.819,23.923,23.82,23.83,23.787,23.846,23.825,23.901,23.943,23.861,23.88,23.844,23.766,23.797,23.88,23.847,23.907
116,23.837,23.943,23.839,23.849,23.806,23.865,23.845,23.921,23.962,23.881,23.9,23.865,23.784,23.816,23.9,23.867,23.927
117,23.856,23.963,23.858,23.867,23.824,23.883,23.865,23.941,23.982,23.901,23.92,23.885,23.802,23.834,23.92,23.887,23.946
118,23.874,23.983,23.877,23.885,23.842,23.901,23.885,23.961,24.002,23.92,23.94,23.906,23.82,23.853,23.941,23.908,23.966
119,23.893,24.003,23.896,23.903,23.861,23.92,23.905,23.981,24.022,23.94,23.96,23.927,23.838,23.872,23.961,23.928,23.986
120,23.911,24.024,23.915,23.921,23.879,23.938,23.925,24.001,24.041,23.96,23.98,23.947,23.855,23.89,23.981,23.949,24.005
121,23.929,24.044,23.934,23.939,23.897,23.956,23.945,24.02,24.061,23.979,24,23.968,23.873,23.909,24.002,23.969,24.025
122,23.948,24.064,23.953,23.957,23.915,23.975,23.965,24.04,24.08,23.999,24.02,23.989,23.891,23.927,24.022,23.989,24.045
123,23.966,24.084,23.972,23.975,23.934,23.993,23.985,24.06,24.1,24.018,24.039,24.009,23.909,23.946,24.042,24.01,24.064
124,23.985,24.103,23.991,23.993,23.952,24.011,24.005,24.08,24.12,24.038,24.059,24.03,23.926,23.964,24.062,24.03,24.084
125,24.003,24.123,24.01,24.011,23.97,24.029,24.025,24.099,24.139,24.057,24.079,24.05,23.944,23.983,24.082,24.05,24.103
126,24.021,24.143,24.029,24.029,23.988,24.048,24.045,24.119,24.158,24.077,24.099,24.07,23.962,24.001,24.102,24.07,24.123
127,24.039,24.163,24.048,24.047,24.006,24.066,24.065,24.138,24.178,24.096,24.118,24.091,23.979,24.02,24.122,24.09,24.142
128,24.057,24.182,24.067,24.065,24.024,24.084,24.084,24.158,24.197,24.115,24.138,24.111,23.997,24.038,24.142,24.11,24.161
129,24.075,24.202,24.085,24.083,24.042,24.102,24.104,24.177,24.216,24.134,24.157,24.131,24.014,24.056,24.161,24.13,24.181
130,24.093,24.221,24.104,24.1,24.06,24.119,24.123,24.197,24.235,24.153,24.176,24.151,24.032,24.074,24.181,24.15,24.2
131,24.111,24.241,24.122,24.118,24.078,24.137,24.143,24.216,24.254,24.172,24.196,24.171,24.049,24.092,24.201,24.17,24.219
132,24.129,24.26,24.141,24.135,24.095,24.155,24.162,24.235,24.273,24.191,24.215,24.191,24.066,24.11,24.22,24.189,24.238
133,24.147,24.279,24.159,24.153,24.113,24.172,24.181,24.254,24.292,24.21,24.234,24.21,24.083,24.128,24.239,24.208,24.256
134,24.164,24.298,24.177,24.17,24.13,24.19,24.2,24.272,24.31,24.228,24.252,24.23,24.1,24.145,24.258,24.228,24.275
135,24.182,24.317,24.195,24.187,24.148,24.207,24.219,24.291,24.329,24.247,24.271,24.249,24.117,24.163,24.277,24.247,24.293
136,24.199,24.335,24.213,24.204,24.165,24.224,24.237,24.309,24.347,24.265,24.29,24.268,24.134,24.18,24.296,24.266,24.312
137,24.216,24.354,24.23,24.221,24.182,24.241,24.256,24.328,24.365,24.283,24.308,24.287,24.15,24.197,24.315,24.284,24.33
138,24.233,24.372,24.248,24.237,24.198,24.258,24.274,24.346,24.383,24.301,24.326,24.306,24.166,24.214,24.333,24.303,24.348
139,24.249,24.39,24.265,24.254,24.215,24.274,24.292,24.363,24.401,24.318,24.344,24.324,24.183,24.231,24.351,24.321,24.365
140,24.266,24.408,24.282,24.27,24.231,24.291,24.31,24.381,24.418,24.336,24.362,24.343,24.199,24.248,24.369,24.339,24.383
141,24.282,24.425,24.299,24.286,24.247,24.307,24.327,24.398,24.435,24.353,24.379,24.361,24.214,24.264,24.387,24.357,24.4
142,24.298,24.442,24.315,24.302,24.263,24.323,24.345,24.416,24.452,24.37,24.396,24.378,24.23,24.28,24.404,24.375,24.417
143,24.314,24.459,24.331,24.317,24.279,24.339,24.362,24.432,24.469,24.387,24.413,24.396,24.245,24.296,24.421,24.392,24.434
144,24.33,24.476,24.348,24.333,24.295,24.354,24.378,24.449,24.485,24.403,24.43,24.413,24.26,24.312,24.438,24.409,24.45
145,24.345,24.493,24.363,24.348,24.31,24.37,24.395,24.465,24.502,24.419,24.446,24.43,24.275,24.328,24.455,24.426,24.466
146,24.36,24.509,24.379,24.362,24.325,24.384,24.411,24.481,24.517,24.435,24.462,24.447,24.29,24.343,24.471,24.442,24.482
147,24.375,24.525,24.394,24.377,24.339,24.399,24.427,24.497,24.533,24.451,24.478,24.463,24.304,24.357,24.487,24.458,24.498
148,24.389,24.54,24.409,24.391,24.354,24.414,24.442,24.512,24.548,24.466,24.493,24.479,24.318,24.372,24.503,24.474,24.513
149,24.403,24.555,24.423,24.405,24.368,24.428,24.458,24.527,24.563,24.481,24.508,24.494,24.332,24.386,24.518,24.489,24.528
150,24.417,24.57,24.437,24.419,24.382,24.441,24.472,24.542,24.578,24.495,24.523,24.509,24.345,24.4,24.533,24.504,24.543
151,24.431,24.584,24.451,24.432,24.395,24.455,24.487,24.556,24.592,24.509,24.537,24.524,24.358,24.414,24.547,24.519,24.557
152,24.444,24.598,24.465,24.445,24.408,24.468,24.501,24.57,24.606,24.523,24.551,24.539,24.371,24.427,24.561,24.533,24.571
153,24.456,24.612,24.478,24.457,24.421,24.48,24.514,24.584,24.619,24.536,24.565,24.552,24.384,24.44,24.575,24.546,24.584
154,24.469,24.625,24.49,24.47,24.433,24.493,24.527,24.597,24.632,24.549,24.578,24.566,24.395,24.452,24.588,24.56,24.597
155,24.481,24.638,24.503,24.481,24.445,24.504,24.54,24.609,24.644,24.562,24.59,24.579,24.407,24.464,24.601,24.573,24.609
156,24.492,24.65,24.514,24.493,24.456,24.516,24.552,24.621,24.656,24.574,24.603,24.591,24.418,24.476,24.614,24.585,24.621
157,24.503,24.662,24.526,24.504,24.467,24.527,24.564,24.633,24.668,24.586,24.614,24.603,24.429,24.487,24.625,24.597,24.633
158,24.514,24.673,24.537,24.514,24.478,24.537,24.576,24.644,24.679,24.597,24.626,24.615,24.439,24.497,24.637,24.608,24.644
159,24.524,24.684,24.547,24.524,24.488,24.548,24.586,24.655,24.69,24.607,24.636,24.626,24.449,24.508,24.648,24.619,24.655
160,24.534,24.694,24.557,24.534,24.497,24.557,24.597,24.665,24.7,24.617,24.647,24.637,24.459,24.517,24.658,24.63,24.665
161,24.543,24.704,24.567,24.543,24.507,24.567,24.606,24.675,24.71,24.627,24.656,24.647,24.468,24.527,24.668,24.64,24.675
162,24.552,24.713,24.576,24.552,24.515,24.575,24.616,24.684,24.719,24.636,24.666,24.656,24.477,24.536,24.677,24.649,24.684
163,24.56,24.722,24.584,24.56,24.524,24.583,24.624,24.693,24.727,24.645,24.674,24.665,24.485,24.544,24.686,24.658,24.692
164,24.568,24.73,24.592,24.567,24.531,24.591,24.633,24.701,24.735,24.653,24.682,24.673,24.492,24.552,24.694,24.666,24.7
165,24.575,24.738,24.599,24.575,24.539,24.598,24.64,24.708,24.743,24.66,24.69,24.681,24.499,24.559,24.702,24.674,24.708
166,24.582,24.745,24.606,24.581,24.545,24.605,24.647,24.715,24.75,24.667,24.697,24.688,24.506,24.566,24.709,24.681,24.715
167,24.588,24.751,24.612,24.587,24.551,24.611,24.654,24.722,24.756,24.674,24.703,24.694,24.512,24.572,24.715,24.687,24.721
168,24.593,24.757,24.618,24.593,24.557,24.617,24.659,24.728,24.762,24.679,24.709,24.7,24.518,24.577,24.721,24.693,24.727
169,24.599,24.762,24.623,24.598,24.562,24.622,24.665,24.733,24.767,24.685,24.714,24.706,24.523,24.583,24.726,24.698,24.732
170,24.603,24.767,24.628,24.603,24.567,24.627,24.669,24.737,24.772,24.689,24.719,24.71,24.527,24.587,24.731,24.703,24.737
171,24.607,24.771,24.632,24.606,24.571,24.63,24.673,24.741,24.776,24.693,24.723,24.714,24.531,24.591,24.735,24.707,24.741
172,24.61,24.774,24.635,24.61,24.574,24.634,24.677,24.745,24.779,24.696,24.726,24.718,24.534,24.594,24.738,24.71,24.744
173,24.613,24.777,24.638,24.613,24.577,24.637,24.679,24.748,24.782,24.699,24.729,24.72,24.537,24.597,24.741,24.713,24.747
174,24.615,24.779,24.64,24.615,24.579,24.639,24.681,24.75,24.784,24.701,24.731,24.722,24.54,24.599,24.743,24.715,24.749
175,24.617,24.78,24.642,24.617,24.581,24.64,24.683,24.751,24.785,24.703,24.733,24.724,24.541,24.601,24.745,24.717,24.751
176,24.618,24.781,24.643,24.618,24.582,24.642,24.684,24.752,24.786,24.704,24.733,24.725,24.542,24.602,24.745,24.717,24.751
177,24.618,24.781,24.643,24.618,24.582,24.642,24.684,24.752,24.786,24.704,24.734,24.725,24.543,24.602,24.745,24.717,24.752
178,24.618,24.781,24.643,24.618,24.582,24.642,24.683,24.752,24.786,24.704,24.733,24.724,24.543,24.602,24.745,24.717,24.751
179,24.618,24.78,24.642,24.617,24.581,24.641,24.682,24.751,24.785,24.702,24.732,24.723,24.542,24.601,24.744,24.716,24.75
180,24.616,24.778,24.64,24.616,24.58,24.64,24.68,24.749,24.783,24.701,24.73,24.721,24.541,24.6,24.742,24.714,24.748
181,24.614,24.775,24.638,24.614,24.578,24.638,24.678,24.746,24.781,24.698,24.728,24.718,24.539,24.598,24.739,24.711,24.746
182,24.612,24.772,24.635,24.611,24.575,24.635,24.675,24.743,24.778,24.695,24.725,24.715,24.537,24.595,24.736,24.708,24.743
183,24.608,24.768,24.632,24.608,24.572,24.632,24.671,24.74,24.774,24.692,24.721,24.711,24.534,24.592,24.732,24.704,24.739
184,24.604,24.764,24.628,24.605,24.568,24.628,24.667,24.735,24.77,24.688,24.717,24.706,24.53,24.588,24.728,24.7,24.735
185,24.6,24.759,24.623,24.6,24.564,24.624,24.662,24.73,24.765,24.683,24.712,24.701,24.526,24.584,24.723,24.694,24.73
186,24.595,24.753,24.618,24.595,24.559,24.619,24.656,24.725,24.76,24.677,24.706,24.695,24.521,24.579,24.717,24.689,24.725
187,24.589,24.747,24.612,24.59,24.553,24.613,24.649,24.718,24.753,24.671,24.7,24.688,24.516,24.573,24.711,24.682,24.718
188,24.583,24.74,24.605,24.584,24.547,24.607,24.642,24.712,24.747,24.664,24.693,24.681,24.51,24.566,24.703,24.675,24.712
189,24.576,24.732,24.598,24.577,24.54,24.6,24.635,24.704,24.739,24.657,24.685,24.673,24.503,24.56,24.696,24.667,24.704
190,24.569,24.724,24.59,24.57,24.533,24.593,24.626,24.696,24.731,24.649,24.677,24.664,24.496,24.552,24.687,24.659,24.696
191,24.561,24.715,24.582,24.562,24.525,24.585,24.617,24.687,24.722,24.64,24.668,24.655,24.488,24.544,24.678,24.649,24.687
192,24.552,24.705,24.573,24.554,24.516,24.576,24.608,24.678,24.713,24.631,24.659,24.645,24.48,24.535,24.669,24.64,24.678
193,24.543,24.695,24.563,24.545,24.507,24.567,24.598,24.668,24.703,24.621,24.648,24.635,24.471,24.526,24.658,24.629,24.668
194,24.533,24.685,24.553,24.535,24.498,24.557,24.587,24.657,24.693,24.61,24.638,24.624,24.462,24.516,24.647,24.618,24.658
195,24.523,24.673,24.542,24.525,24.487,24.547,24.576,24.646,24.681,24.599,24.626,24.612,24.452,24.505,24.636,24.607,24.646
196,24.512,24.661,24.531,24.514,24.476,24.536,24.563,24.634,24.67,24.587,24.615,24.599,24.441,24.494,24.624,24.594,24.635
197,24.5,24.649,24.519,24.503,24.465,24.525,24.551,24.621,24.657,24.575,24.602,24.586,24.43,24.483,24.611,24.582,24.622
198,24.488,24.635,24.506,24.491,24.453,24.513,24.538,24.608,24.644,24.562,24.589,24.573,24.419,24.471,24.598,24.568,24.609
199,24.476,24.622,24.493,24.479,24.441,24.5,24.524,24.595,24.631,24.549,24.575,24.558,24.406,24.458,24.584,24.554,24.596
200,24.462,24.607,24.48,24.466,24.427,24.487,24.509,24.58,24.617,24.535,24.561,24.544,24.394,24.445,24.569,24.54,24.582
201,24.449,24.592,24.465,24.452,24.414,24.473,24.495,24.566,24.602,24.52,24.546,24.528,24.381,24.431,24.554,24.524,24.567
202,24.434,24.577,24.451,24.438,24.4,24.459,24.479,24.55,24.587,24.505,24.531,24.512,24.367,24.416,24.538,24.509,24.552
203,24.42,24.561,24.435,24.424,24.385,24.445,24.463,24.534,24.571,24.489,24.515,24.496,24.353,24.402,24.522,24.492,24.536
204,24.404,24.544,24.42,24.409,24.37,24.429,24.446,24.518,24.555,24.473,24.498,24.479,24.338,24.386,24.506,24.475,24.52
205,24.389,24.527,24.403,24.393,24.354,24.414,24.429,24.501,24.538,24.456,24.481,24.461,24.323,24.37,24.488,24.458,24.503
206,24.372,24.51,24.386,24.377,24.338,24.398,24.412,24.484,24.521,24.439,24.464,24.443,24.307,24.354,24.47,24.44,24.486
207,24.356,24.491,24.369,24.361,24.321,24.381,24.393,24.466,24.503,24.421,24.446,24.424,24.291,24.337,24.452,24.422,24.468
208,24.338,24.473,24.351,24.344,24.304,24.364,24.375,24.447,24.485,24.403,24.427,24.405,24.274,24.32,24.433,24.403,24.45
209,24.321,24.454,24.333,24.326,24.287,24.346,24.356,24.428,24.466,24.384,24.408,24.385,24.257,24.302,24.414,24.383,24.431
210,24.302,24.434,24.314,24.308,24.269,24.328,24.336,24.409,24.447,24.365,24.389,24.365,24.239,24.283,24.394,24.363,24.412
211,24.284,24.414,24.295,24.29,24.25,24.309,24.316,24.389,24.427,24.345,24.369,24.345,24.221,24.265,24.374,24.343,24.392
212,24.265,24.393,24.275,24.271,24.231,24.29,24.295,24.368,24.407,24.325,24.348,24.323,24.202,24.245,24.353,24.322,24.372
213,24.245,24.372,24.255,24.252,24.212,24.271,24.274,24.348,24.386,24.304,24.327,24.302,24.183,24.226,24.332,24.301,24.351
214,24.225,24.351,24.235,24.232,24.192,24.251,24.253,24.326,24.365,24.283,24.306,24.28,24.164,24.206,24.31,24.279,24.33
215,24.205,24.329,24.214,24.212,24.171,24.231,24.231,24.305,24.344,24.262,24.284,24.257,24.144,24.185,24.288,24.257,24.308
216,24.184,24.307,24.192,24.192,24.151,24.21,24.208,24.282,24.322,24.24,24.262,24.234,24.124,24.164,24.266,24.234,24.286
217,24.163,24.284,24.17,24.171,24.13,24.189,24.186,24.26,24.299,24.218,24.239,24.211,24.103,24.143,24.243,24.211,24.264
218,24.141,24.261,24.148,24.149,24.108,24.167,24.162,24.237,24.277,24.195,24.216,24.187,24.082,24.121,24.219,24.187,24.241
219,24.119,24.237,24.125,24.128,24.086,24.146,24.139,24.213,24.253,24.172,24.193,24.163,24.061,24.099,24.196,24.164,24.218
220,24.096,24.213,24.102,24.106,24.064,24.123,24.115,24.19,24.23,24.148,24.169,24.139,24.039,24.076,24.171,24.139,24.194
221,24.074,24.189,24.079,24.083,24.041,24.101,24.09,24.166,24.206,24.124,24.145,24.114,24.017,24.053,24.147,24.115,24.17
222,24.051,24.164,24.055,24.06,24.018,24.078,24.066,24.141,24.182,24.1,24.12,24.088,23.995,24.03,24.122,24.089,24.146
223,24.027,24.139,24.031,24.037,23.995,24.054,24.041,24.116,24.157,24.075,24.095,24.063,23.972,24.006,24.097,24.064,24.121
224,24.003,24.114,24.007,24.014,23.971,24.031,24.015,24.091,24.132,24.05,24.07,24.037,23.949,23.982,24.071,24.038,24.096
225,23.979,24.088,23.982,23.99,23.947,24.006,23.989,24.065,24.106,24.025,24.044,24.01,23.925,23.958,24.045,24.012,24.071
226,23.955,24.062,23.957,23.966,23.923,23.982,23.963,24.039,24.081,23.999,24.019,23.983,23.901,23.933,24.019,23.986,24.045
227,23.93,24.035,23.931,23.941,23.898,23.957,23.937,24.013,24.055,23.973,23.992,23.956,23.877,23.909,23.992,23.959,24.019
228,23.905,24.009,23.905,23.917,23.873,23.932,23.91,23.987,24.028,23.947,23.966,23.929,23.853,23.883,23.965,23.932,23.993
229,23.879,23.982,23.879,23.892,23.848,23.907,23.883,23.96,24.002,23.92,23.939,23.901,23.828,23.858,23.938,23.905,23.966
230,23.854,23.954,23.853,23.866,23.823,23.882,23.856,23.933,23.975,23.893,23.912,23.873,23.803,23.832,23.911,23.877,23.939
231,23.828,23.927,23.826,23.841,23.797,23.856,23.828,23.905,23.948,23.866,23.884,23.845,23.778,23.806,23.883,23.849,23.912
232,23.802,23.899,23.8,23.815,23.771,23.83,23.8,23.878,23.92,23.839,23.856,23.817,23.752,23.779,23.855,23.821,23.884
233,23.775,23.871,23.772,23.789,23.744,23.803,23.772,23.85,23.893,23.811,23.828,23.788,23.726,23.753,23.826,23.792,23.856
234,23.748,23.842,23.745,23.762,23.718,23.777,23.744,23.822,23.865,23.783,23.8,23.759,23.7,23.726,23.798,23.763,23.828
235,23.721,23.814,23.717,23.736,23.691,23.75,23.715,23.793,23.836,23.755,23.772,23.73,23.674,23.699,23.769,23.734,23.8
236,23.694,23.785,23.69,23.709,23.664,23.723,23.686,23.765,23.808,23.727,23.743,23.7,23.647,23.671,23.74,23.705,23.772
237,23.667,23.756,23.661,23.682,23.637,23.696,23.657,23.736,23.779,23.698,23.714,23.67,23.621,23.644,23.71,23.676,23.743
238,23.639,23.726,23.633,23.655,23.609,23.668,23.628,23.707,23.75,23.669,23.685,23.641,23.594,23.616,23.681,23.646,23.714
239,23.611,23.697,23.605,23.627,23.582,23.64,23.598,23.677,23.721,23.64,23.655,23.61,23.567,23.588,23.651,23.616,23.685
240,23.583,23.667,23.576,23.599,23.554,23.613,23.568,23.648,23.692,23.611,23.626,23.58,23.539,23.56,23.621,23.586,23.656
241,23.555,23.637,23.547,23.572,23.526,23.584,23.538,23.618,23.663,23.581,23.596,23.55,23.512,23.532,23.591,23.556,23.626
242,23.527,23.607,23.518,23.544,23.497,23.556,23.508,23.588,23.633,23.552,23.566,23.519,23.484,23.503,23.561,23.526,23.597
243,23.498,23.577,23.489,23.515,23.469,23.528,23.478,23.558,23.603,23.522,23.536,23.488,23.456,23.474,23.531,23.495,23.567
244,23.47,23.547,23.46,23.487,23.441,23.499,23.448,23.528,23.573,23.492,23.506,23.457,23.428,23.446,23.5,23.464,23.537
245,23.441,23.516,23.43,23.459,23.412,23.471,23.417,23.498,23.543,23.462,23.476,23.426,23.4,23.417,23.469,23.433,23.507
246,23.412,23.486,23.4,23.43,23.383,23.442,23.387,23.467,23.513,23.432,23.445,23.395,23.372,23.388,23.438,23.402,23.476
247,23.383,23.455,23.371,23.401,23.354,23.413,23.356,23.437,23.482,23.402,23.414,23.363,23.344,23.358,23.407,23.371,23.446
248,23.354,23.424,23.341,23.373,23.325,23.384,23.325,23.406,23.452,23.371,23.384,23.332,23.315,23.329,23.376,23.34,23.416
249,23.324,23.393,23.311,23.344,23.296,23.355,23.294,23.375,23.421,23.341,23.353,23.3,23.286,23.3,23.345,23.309,23.385
250,23.295,23.362,23.281,23.315,23.267,23.325,23.263,23.345,23.391,23.31,23.322,23.268,23.258,23.27,23.314,23.277,23.354
251,23.265,23.331,23.251,23.285,23.238,23.296,23.232,23.314,23.36,23.279,23.291,23.236,23.229,23.24,23.283,23.246,23.324
252,23.236,23.3,23.22,23.256,23.208,23.267,23.2,23.283,23.329,23.248,23.26,23.205,23.2,23.211,23.251,23.214,23.293
253,23.206,23.268,23.19,23.227,23.179,23.237,23.169,23.251,23.298,23.218,23.229,23.173,23.171,23.181,23.22,23.182,23.262
254,23.177,23.237,23.16,23.198,23.149,23.208,23.138,23.22,23.267,23.187,23.197,23.141,23.142,23.151,23.188,23.151,23.231
255,23.147,23.206,23.129,23.168,23.12,23.178,23.106,23.189,23.236,23.156,23.166,23.109,23.113,23.121,23.156,23.119,23.2
256,23.117,23.174,23.099,23.139,23.09,23.148,23.075,23.158,23.205,23.125,23.135,23.076,23.084,23.091,23.125,23.087,23.169
257,23.088,23.143,23.068,23.11,23.06,23.119,23.043,23.127,23.174,23.094,23.104,23.044,23.055,23.061,23.093,23.055,23.138
258,23.058,23.111,23.038,23.08,23.031,23.089,23.012,23.095,23.143,23.063,23.072,23.012,23.026,23.032,23.061,23.023,23.107
259,23.028,23.08,23.008,23.051,23.001,23.059,22.98,23.064,23.112,23.032,23.041,22.98,22.997,23.002,23.03,22.992,23.075
260,22.998,23.048,22.977,23.021,22.972,23.03,22.949,23.033,23.081,23.001,23.009,22.948,22.968,22.972,22.998,22.96,23.044
261,22.968,23.017,22.947,22.992,22.942,23,22.917,23.002,23.05,22.97,22.978,22.916,22.939,22.942,22.966,22.928,23.013
262,22.939,22.985,22.916,22.963,22.912,22.971,22.886,22.97,23.019,22.939,22.947,22.884,22.91,22.912,22.935,22.896,22.982
263,22.909,22.954,22.886,22.933,22.883,22.941,22.854,22.939,22.988,22.908,22.916,22.852,22.881,22.882,22.903,22.864,22.951
264,22.879,22.923,22.855,22.904,22.853,22.911,22.823,22.908,22.957,22.877,22.884,22.82,22.852,22.852,22.871,22.833,22.92
265,22.85,22.891,22.825,22.875,22.824,22.882,22.791,22.877,22.926,22.846,22.853,22.788,22.823,22.822,22.84,22.801,22.889
266,22.82,22.86,22.795,22.846,22.794,22.853,22.76,22.846,22.895,22.815,22.822,22.756,22.794,22.793,22.808,22.769,22.858
267,22.791,22.829,22.765,22.816,22.765,22.823,22.729,22.815,22.865,22.784,22.791,22.724,22.765,22.763,22.777,22.738,22.828
268,22.761,22.798,22.735,22.787,22.736,22.794,22.698,22.784,22.834,22.754,22.76,22.692,22.736,22.733,22.746,22.706,22.797
269,22.732,22.767,22.705,22.758,22.707,22.765,22.667,22.753,22.803,22.723,22.729,22.661,22.708,22.704,22.714,22.675,22.766
270,22.703,22.736,22.675,22.73,22.678,22.736,22.636,22.722,22.773,22.693,22.698,22.629,22.679,22.675,22.683,22.644,22.736
271,22.674,22.705,22.645,22.701,22.649,22.707,22.605,22.692,22.742,22.662,22.668,22.597,22.651,22.645,22.652,22.612,22.705
272,22.645,22.674,22.615,22.672,22.62,22.678,22.574,22.661,22.712,22.632,22.637,22.566,22.623,22.616,22.621,22.581,22.675
273,22.616,22.644,22.586,22.644,22.591,22.649,22.544,22.631,22.682,22.602,22.607,22.535,22.594,22.587,22.591,22.55,22.645
274,22.587,22.613,22.556,22.615,22.563,22.62,22.513,22.601,22.652,22.572,22.576,22.504,22.566,22.558,22.56,22.52,22.615
275,22.559,22.583,22.527,22.587,22.534,22.592,22.483,22.571,22.622,22.542,22.546,22.473,22.539,22.53,22.53,22.489,22.585
276,22.53,22.553,22.498,22.559,22.506,22.564,22.453,22.541,22.593,22.512,22.516,22.442,22.511,22.501,22.499,22.459,22.555
277,22.502,22.523,22.469,22.531,22.478,22.536,22.423,22.511,22.563,22.483,22.487,22.412,22.483,22.473,22.469,22.428,22.526
278,22.474,22.493,22.44,22.504,22.45,22.508,22.393,22.482,22.534,22.454,22.457,22.381,22.456,22.444,22.439,22.398,22.496
279,22.446,22.464,22.412,22.476,22.422,22.48,22.363,22.452,22.505,22.425,22.427,22.351,22.429,22.416,22.409,22.368,22.467
280,22.418,22.434,22.383,22.449,22.395,22.452,22.334,22.423,22.476,22.396,22.398,22.321,22.402,22.389,22.38,22.338,22.438
281,22.391,22.405,22.355,22.422,22.367,22.425,22.305,22.394,22.447,22.367,22.369,22.291,22.375,22.361,22.35,22.309,22.409
282,22.363,22.376,22.327,22.395,22.34,22.398,22.276,22.365,22.418,22.338,22.34,22.262,22.348,22.333,22.321,22.279,22.381
283,22.336,22.347,22.3,22.368,22.313,22.371,22.247,22.337,22.39,22.31,22.312,22.232,22.322,22.306,22.292,22.25,22.352
284,22.31,22.319,22.272,22.341,22.287,22.344,22.218,22.308,22.362,22.282,22.283,22.203,22.296,22.279,22.263,22.222,22.324
285,22.283,22.291,22.245,22.315,22.26,22.318,22.19,22.28,22.334,22.254,22.255,22.174,22.27,22.253,22.235,22.193,22.296
286,22.257,22.263,22.218,22.289,22.234,22.292,22.162,22.253,22.306,22.227,22.227,22.145,22.244,22.226,22.207,22.165,22.269
287,22.231,22.235,22.191,22.264,22.208,22.266,22.134,22.225,22.279,22.199,22.2,22.117,22.219,22.2,22.179,22.136,22.241
288,22.205,22.207,22.165,22.238,22.182,22.24,22.107,22.198,22.252,22.172,22.172,22.089,22.194,22.174,22.151,22.109,22.214
289,22.179,22.18,22.138,22.213,22.157,22.215,22.08,22.171,22.225,22.146,22.145,22.061,22.169,22.148,22.124,22.081,22.188
290,22.154,22.153,22.112,22.188,22.132,22.189,22.053,22.144,22.199,22.119,22.119,22.034,22.144,22.123,22.097,22.054,22.161
291,22.129,22.127,22.087,22.163,22.107,22.165,22.026,22.118,22.173,22.093,22.092,22.006,22.12,22.098,22.07,22.027,22.135
292,22.105,22.1,22.062,22.139,22.083,22.14,22,22.092,22.147,22.067,22.066,21.979,22.096,22.073,22.043,22,22.109
293,22.08,22.074,22.037,22.115,22.058,22.116,21.974,22.066,22.121,22.041,22.04,21.953,22.073,22.048,22.017,21.974,22.083
294,22.056,22.049,22.012,22.092,22.035,22.092,21.948,22.04,22.096,22.016,22.015,21.926,22.049,22.024,21.991,21.948,22.058
295,22.033,22.023,21.988,22.068,22.011,22.068,21.923,22.015,22.071,21.991,21.989,21.9,22.026,22.001,21.966,21.922,22.033
296,22.009,21.999,21.964,22.045,21.988,22.045,21.898,21.99,22.046,21.967,21.965,21.875,22.004,21.977,21.94,21.897,22.008
297,21.986,21.974,21.94,22.023,21.965,22.022,21.873,21.966,22.022,21.943,21.94,21.85,21.981,21.954,21.916,21.872,21.984
298,21.964,21.95,21.917,22,21.942,22,21.849,21.942,21.998,21.919,21.916,21.825,21.959,21.931,21.891,21.847,21.96
299,21.941,21.926,21.894,21.978,21.92,21.978,21.825,21.918,21.975,21.895,21.892,21.8,21.938,21.909,21.867,21.823,21.937
300,21.919,21.902,21.871,21.957,21.899,21.956,21.801,21.895,21.952,21.872,21.869,21.776,21.916,21.887,21.843,21.799,21.914
301,21.898,21.879,21.849,21.936,21.877,21.935,21.778,21.872,21.929,21.85,21.846,21.752,21.896,21.865,21.82,21.776,21.891
302,21.877,21.856,21.827,21.915,21.856,21.914,21.755,21.849,21.907,21.827,21.823,21.729,21.875,21.844,21.797,21.752,21.869
303,21.856,21.834,21.806,21.895,21.836,21.893,21.733,21.827,21.885,21.805,21.801,21.706,21.855,21.823,21.775,21.73,21.847
304,21.836,21.812,21.785,21.875,21.816,21.873,21.711,21.806,21.863,21.784,21.779,21.684,21.835,21.802,21.752,21.708,21.825
305,21.816,21.791,21.764,21.855,21.796,21.853,21.69,21.784,21.842,21.763,21.758,21.661,21.816,21.782,21.731,21.686,21.804
306,21.796,21.77,21.744,21.836,21.776,21.834,21.669,21.764,21.821,21.742,21.737,21.64,21.797,21.763,21.71,21.664,21.783
307,21.777,21.749,21.725,21.817,21.758,21.815,21.648,21.743,21.801,21.722,21.717,21.619,21.779,21.744,21.689,21.643,21.763
308,21.759,21.729,21.705,21.799,21.739,21.796,21.628,21.723,21.781,21.702,21.697,21.598,21.761,21.725,21.668,21.623,21.743
309,21.741,21.709,21.687,21.781,21.721,21.778,21.608,21.704,21.762,21.683,21.677,21.578,21.743,21.707,21.649,21.603,21.724
310,21.723,21.69,21.668,21.764,21.704,21.761,21.589,21.685,21.743,21.664,21.658,21.558,21.726,21.689,21.629,21.583,21.705
311,21.706,21.671,21.651,21.747,21.686,21.744,21.57,21.666,21.725,21.646,21.639,21.539,21.71,21.671,21.61,21.564,21.687
312,21.689,21.653,21.633,21.73,21.67,21.727,21.552,21.648,21.707,21.628,21.621,21.52,21.693,21.655,21.592,21.546,21.669
313,21.673,21.635,21.616,21.714,21.654,21.711,21.534,21.631,21.69,21.611,21.604,21.501,21.678,21.638,21.574,21.528,21.651
314,21.657,21.618,21.6,21.699,21.638,21.695,21.517,21.614,21.673,21.594,21.586,21.484,21.663,21.622,21.557,21.51,21.635
315,21.642,21.601,21.584,21.684,21.623,21.68,21.5,21.597,21.657,21.578,21.57,21.466,21.648,21.607,21.54,21.493,21.618
316,21.627,21.585,21.569,21.669,21.608,21.665,21.484,21.581,21.641,21.562,21.554,21.45,21.634,21.592,21.523,21.477,21.602
317,21.613,21.57,21.554,21.656,21.594,21.651,21.468,21.565,21.625,21.546,21.538,21.433,21.62,21.577,21.507,21.461,21.587
318,21.599,21.555,21.54,21.642,21.58,21.637,21.453,21.551,21.611,21.532,21.523,21.418,21.607,21.564,21.492,21.445,21.572
319,21.586,21.54,21.526,21.629,21.567,21.624,21.438,21.536,21.596,21.517,21.509,21.403,21.594,21.55,21.477,21.43,21.558
320,21.573,21.526,21.513,21.617,21.555,21.612,21.424,21.522,21.583,21.504,21.495,21.388,21.582,21.537,21.463,21.416,21.544
321,21.561,21.512,21.5,21.605,21.543,21.6,21.411,21.509,21.57,21.491,21.481,21.374,21.57,21.525,21.45,21.402,21.531
322,21.549,21.5,21.488,21.594,21.531,21.588,21.398,21.496,21.557,21.478,21.469,21.361,21.559,21.514,21.436,21.389,21.519
323,21.538,21.487,21.476,21.583,21.52,21.577,21.386,21.484,21.545,21.466,21.457,21.348,21.549,21.502,21.424,21.377,21.507
324,21.528,21.476,21.465,21.573,21.51,21.567,21.374,21.473,21.534,21.455,21.445,21.336,21.539,21.492,21.412,21.365,21.495
325,21.518,21.464,21.455,21.563,21.5,21.557,21.363,21.462,21.523,21.444,21.434,21.324,21.529,21.482,21.401,21.353,21.484
326,21.509,21.454,21.445,21.554,21.491,21.548,21.352,21.451,21.513,21.434,21.423,21.313,21.521,21.472,21.39,21.342,21.474
327,21.5,21.444,21.436,21.545,21.482,21.539,21.342,21.441,21.503,21.424,21.414,21.303,21.512,21.463,21.38,21.332,21.464
328,21.492,21.435,21.427,21.537,21.474,21.531,21.333,21.432,21.494,21.415,21.404,21.293,21.504,21.455,21.371,21.323,21.455
329,21.484,21.426,21.419,21.53,21.467,21.524,21.324,21.424,21.486,21.407,21.396,21.284,21.497,21.448,21.362,21.314,21.447
330,21.477,21.418,21.412,21.523,21.46,21.517,21.316,21.416,21.478,21.399,21.388,21.276,21.491,21.44,21.354,21.306,21.439
331,21.471,21.411,21.405,21.517,21.454,21.51,21.309,21.409,21.471,21.392,21.381,21.268,21.485,21.434,21.346,21.298,21.432
332,21.465,21.404,21.399,21.512,21.448,21.505,21.302,21.402,21.464,21.385,21.374,21.261,21.479,21.428,21.339,21.291,21.425
333,21.46,21.398,21.393,21.507,21.443,21.5,21.296,21.396,21.458,21.38,21.368,21.254,21.475,21.423,21.333,21.285,21.419
334,21.455,21.392,21.388,21.502,21.438,21.495,21.29,21.39,21.453,21.374,21.362,21.248,21.47,21.418,21.327,21.279,21.414
335,21.451,21.387,21.384,21.498,21.434,21.491,21.286,21.386,21.448,21.37,21.358,21.243,21.467,21.414,21.322,21.274,21.41
336,21.448,21.383,21.381,21.495,21.431,21.488,21.281,21.382,21.444,21.366,21.354,21.239,21.464,21.411,21.318,21.27,21.406
337,21.445,21.38,21.377,21.493,21.429,21.485,21.278,21.378,21.441,21.362,21.35,21.235,21.461,21.408,21.315,21.266,21.402
338,21.443,21.377,21.375,21.491,21.427,21.483,21.275,21.376,21.438,21.36,21.347,21.232,21.46,21.406,21.312,21.263,21.4
339,21.442,21.375,21.373,21.49,21.425,21.482,21.273,21.373,21.436,21.358,21.345,21.229,21.459,21.404,21.309,21.26,21.398
340,21.441,21.373,21.372,21.489,21.424,21.481,21.271,21.372,21.435,21.357,21.344,21.227,21.458,21.403,21.308,21.259,21.396
341,21.441,21.372,21.372,21.489,21.424,21.481,21.27,21.371,21.434,21.356,21.343,21.226,21.458,21.403,21.307,21.258,21.396
342,21.441,21.372,21.372,21.489,21.425,21.481,21.27,21.371,21.434,21.356,21.343,21.226,21.459,21.404,21.307,21.257,21.395
343,21.442,21.373,21.373,21.49,21.426,21.482,21.271,21.372,21.435,21.356,21.343,21.226,21.46,21.404,21.307,21.258,21.396
344,21.444,21.374,21.374,21.492,21.427,21.484,21.272,21.373,21.436,21.358,21.345,21.227,21.462,21.406,21.308,21.259,21.397
345,21.446,21.376,21.376,21.495,21.43,21.486,21.274,21.375,21.438,21.36,21.346,21.229,21.464,21.408,21.31,21.261,21.399
346,21.449,21.378,21.379,21.498,21.433,21.489,21.276,21.377,21.441,21.362,21.349,21.231,21.467,21.411,21.312,21.263,21.402
347,21.452,21.381,21.382,21.501,21.436,21.493,21.279,21.381,21.444,21.366,21.352,21.234,21.471,21.415,21.315,21.266,21.405
348,21.457,21.385,21.386,21.505,21.44,21.497,21.283,21.384,21.448,21.369,21.356,21.238,21.475,21.419,21.319,21.27,21.409
349,21.461,21.39,21.391,21.51,21.445,21.502,21.288,21.389,21.452,21.374,21.36,21.242,21.48,21.424,21.324,21.274,21.414
350,21.467,21.395,21.396,21.516,21.451,21.507,21.293,21.394,21.458,21.379,21.366,21.247,21.486,21.429,21.329,21.279,21.419
351,21.473,21.401,21.402,21.522,21.457,21.513,21.298,21.4,21.463,21.385,21.371,21.253,21.492,21.435,21.334,21.285,21.425
352,21.479,21.407,21.409,21.528,21.463,21.52,21.305,21.406,21.47,21.392,21.378,21.259,21.498,21.441,21.341,21.292,21.431
353,21.486,21.414,21.416,21.535,21.47,21.527,21.312,21.413,21.477,21.399,21.385,21.266,21.505,21.449,21.348,21.299,21.438
354,21.494,21.422,21.424,21.543,21.478,21.535,21.32,21.421,21.485,21.406,21.393,21.274,21.513,21.456,21.356,21.306,21.446
355,21.502,21.43,21.432,21.551,21.486,21.543,21.328,21.429,21.493,21.415,21.401,21.282,21.521,21.465,21.364,21.315,21.454
356,21.511,21.439,21.441,21.56,21.495,21.552,21.337,21.438,21.502,21.424,21.41,21.291,21.53,21.473,21.373,21.324,21.463
357,21.521,21.449,21.45,21.57,21.505,21.561,21.347,21.448,21.512,21.433,21.42,21.301,21.54,21.483,21.383,21.333,21.473
358,21.531,21.459,21.46,21.58,21.515,21.571,21.357,21.458,21.522,21.443,21.43,21.311,21.55,21.493,21.393,21.343,21.483
359,21.541,21.47,21.471,21.59,21.525,21.582,21.367,21.469,21.532,21.454,21.44,21.322,21.56,21.503,21.404,21.354,21.494
360,21.552,21.481,21.482,21.601,21.536,21.593,21.379,21.48,21.544,21.465,21.452,21.333,21.571,21.515,21.415,21.366,21.505
361,21.564,21.493,21.494,21.613,21.548,21.604,21.391,21.492,21.555,21.477,21.464,21.346,21.582,21.526,21.427,21.378,21.517
362,21.576,21.505,21.506,21.625,21.56,21.616,21.403,21.504,21.568,21.489,21.476,21.358,21.594,21.538,21.439,21.39,21.529
363,21.589,21.518,21.519,21.637,21.572,21.629,21.416,21.517,21.581,21.502,21.489,21.371,21.607,21.551,21.452,21.403,21.542
364,21.602,21.532,21.532,21.65,21.585,21.642,21.43,21.531,21.594,21.516,21.503,21.385,21.62,21.564,21.466,21.417,21.555
365,21.615,21.546,21.546,21.664,21.599,21.656,21.444,21.545,21.608,21.53,21.517,21.399,21.633,21.578,21.48,21.431,21.569
